[{"msg":"hi lena","name":"Nina"},{"msg":"Hi :) :(","name":"Nina"},{"msg":"Hi :( :)","name":"pavel"},{"msg":"Hi :( :) Hello","name":"lena"},{"msg":"","name":""},{"msg":"hi :) kolya","name":"Nina"},{"msg":"hjh","name":"Nina","time":"20-02-2021 17-18-05"},{"msg":"bjbj","name":"Nina","time":"20-02-2021 17-18-18"},{"msg":",m,m","name":"Nina","time":"20-02-2021 17-19-25"},{"msg":"kjkjk","name":"Nina","time":"20-02-2021 17-20-31"},{"msg":"kjkjk","name":"Nina","time":"20-02-2021 17-21-40"},{"msg":"nhj","name":"Nina","time":"20-02-2021 17-22-04"},{"msg":"nkk","name":"Nina","time":"20-Feb-2021 (Saturday) 17-24-21"},{"msg":";lkk","name":"Nina","time":"20-Feb-2021 (Saturday)"},{"msg":"mmm","name":"pavel","time":"20-Feb-2021 (Saturday) 17-26-02"},{"msg":"mmm :)","name":"Oleg","time":"20-Feb-2021 (Saturday) 17-31-55"},{"msg":"Hi :) ella","name":"Oleg","time":"20-Feb-2021 (Saturday) 17-35-56"},{"msg":":p :-*","name":"","time":"20-Feb-2021 (Saturday) 19-40-07"},{"msg":"Hello :) :-*","name":"Oleg","time":"20-Feb-2021 (Saturday) 19-45-37"}]